customer_id,customer_name,address,postal_code,city,country,average_payment_amount
187,"BRITTANY RILEY","140 Chiayi Parkway",38982,Sumy,Ukraine,5.70
433,"DON BONE","596 Huixquilucan Place",65892,Naçala-Porto,Mozambique,5.35
321,"KEVIN SCHULER","470 Boksburg Street",97960,Birgunj,Nepal,5.31
259,"LENA JENSEN","1027 Banjul Place",50390,Halisahar,India,5.27
542,"LONNIE TIRADO","1658 Cuman Loop",51309,"Pangkal Pinang",Indonesia,5.27
311,"PAUL TROUT","746 Joliet Lane",94878,Kursk,"Russian Federation",5.25
19,"RUTH MARTINEZ","1417 Lancaster Avenue",72192,Kimberley,"South Africa",5.24
3,"LINDA WILLIAMS","692 Joliet Street",83579,Athenai,Greece,5.22
285,"MIRIAM MCKINNEY","1336 Benin City Drive",46044,Otsu,Japan,5.22
22,"LAURA RODRIGUEZ","28 Charlotte Amalie Street",37551,Salé,Morocco,5.17
181,"ANA BRADLEY","682 Garden Grove Place",67497,Memphis,"United States",5.14
293,"MAE FLETCHER","44 Najafabad Way",61391,"Donostia-San Sebastián",Spain,5.12
583,"MARSHALL THORN","1584 Ljubertsy Lane",22954,Southampton,"United Kingdom",5.12
508,"MILTON HOWLAND","758 Korolev Parkway",75474,Vijayawada,India,5.11
522,"ARNOLD HAVENS","1176 Southend-on-Sea Manor",81651,"Santa Rosa",Philippines,5.08
432,"EDWIN BURK","1766 Almirante Brown Street",63104,Newcastle,"South Africa",5.08
571,"JOHNNIE CHISHOLM","1501 Pangkal Pinang Avenue",943,Plock,Poland,5.07
200,"JEANNE LAWSON","387 Mwene-Ditu Drive",8073,Ashgabat,Turkmenistan,5.06
209,"TONYA CHAPMAN","43 Dadu Avenue",4855,Bhilwara,India,5.05
509,"RAUL FORTIER","1747 Rustenburg Place",51369,Chapra,India,5.04
429,"FREDERICK ISBELL","1404 Taguig Drive",87212,Tsuyama,Japan,5.04
82,"KATHRYN COLEMAN","927 Baha Blanca Parkway",9495,Simferopol,Ukraine,5.03
470,"GORDON ALLARD","434 Ourense (Orense) Manor",14122,Hodeida,Yemen,5.02
591,"KENT ARSENAULT","32 Liaocheng Way",1944,"Juiz de Fora",Brazil,4.99
178,"MARION SNYDER","1891 Rizhao Boulevard",47288,"Santa Brbara dOeste",Brazil,4.99
550,"GUY BROWNLEE","346 Cam Ranh Avenue",39976,Zhoushan,China,4.99
449,"OSCAR AQUINO","956 Nam Dinh Manor",21872,Sirjan,Iran,4.99
315,"KENNETH GOODEN","1542 Lubumbashi Boulevard",62472,"Bat Yam",Israel,4.99
137,"RHONDA KENNEDY","1749 Daxian Place",11044,Apeldoorn,Netherlands,4.99
477,"DAN PAINE","808 Naala-Porto Parkway",41060,Stockport,"United Kingdom",4.99
337,"JERRY JORDON","124 al-Manama Way",52368,Onomichi,Japan,4.96
363,"ROY WHITING","1658 Jastrzebie-Zdrj Loop",96584,Nyeri,Kenya,4.96
59,"CHERYL MURPHY","1213 Ranchi Parkway",94352,Mysore,India,4.95
47,"FRANCES PARKER","686 Garland Manor",52535,"Juazeiro do Norte",Brazil,4.94
272,"KAY CALDWELL","85 San Felipe de Puerto Plata Drive",46063,Yantai,China,4.94
398,"ANTONIO MEEK","1190 0 Place",10417,Bagé,Brazil,4.93
483,"VERNON CHAPA","698 Jelets Boulevard",2596,Denizli,Turkey,4.93
526,"KARL SEAL","1427 Tabuk Place",31342,"Cape Coral","United States",4.92
585,"PERRY SWAFFORD","773 Dallas Manor",12664,Quilmes,Argentina,4.91
490,"SAM MCDUFFIE","656 Matamoros Drive",19489,Sogamoso,Colombia,4.91
459,"TOMMY COLLAZO","76 Kermanshah Manor",23343,Qomsheh,Iran,4.91
493,"BRENT HARKINS","319 Plock Parkway",26101,Sultanbeyli,Turkey,4.90
310,"DANIEL CABRAL","543 Bergamo Avenue",59686,Ibirité,Brazil,4.89
39,"DEBRA NELSON","306 Antofagasta Place",3989,"Vila Velha",Brazil,4.89
194,"KRISTEN CHAVEZ","345 Oshawa Boulevard",32114,Hino,Japan,4.88
13,"KAREN JACKSON","270 Amroha Parkway",29610,Osmaniye,Turkey,4.88
346,"ARTHUR SIMPKINS","1157 Nyeri Loop",56380,Maikop,"Russian Federation",4.87
87,"WANDA PATTERSON","1740 Portoviejo Avenue",29932,Sincelejo,Colombia,4.86
453,"CALVIN MARTEL","138 Caracas Boulevard",16790,Maracaíbo,Venezuela,4.86
558,"JIMMIE EGGLESTON","505 Madiun Boulevard",97271,Wroclaw,Poland,4.85
50,"DIANE COLLINS","115 Hidalgo Parkway",80168,Omdurman,Sudan,4.85
594,"EDUARDO HIATT","1837 Kaduna Parkway",82580,Jining,China,4.84
462,"WARREN SHERROD","1621 Tongliao Avenue",22173,Usolje-Sibirskoje,"Russian Federation",4.84
436,"TROY QUIGLEY","983 Santa F Way",47472,Vancouver,Canada,4.82
467,"ALVIN DELOACH","1447 Chatsworth Place",41545,Cuauhtémoc,Mexico,4.82
146,"JAMIE RICE","879 Newcastle Way",90732,"Sterling Heights","United States",4.82
389,"ALAN KAHN","753 Ilorin Avenue",3656,Emeishan,China,4.80
513,"DUANE TUBBS","962 Tama Loop",65952,Yangor,Nauru,4.80
92,"TINA SIMMONS","984 Effon-Alaiye Avenue",17119,Goiânia,Brazil,4.78
427,"JESUS MCCARTNEY","259 Ipoh Drive",64964,Guarujá,Brazil,4.78
482,"MAURICE CRAWLEY","1785 So Bernardo do Campo Street",71182,Coatzacoalcos,Mexico,4.78
349,"JOE GILLILAND","953 Hodeida Street",18841,Imus,Philippines,4.78
504,"NATHANIEL ADAM","786 Matsue Way",37469,Joliet,"United States",4.78
434,"EDDIE TOMLIN","1351 Aparecida de Goinia Parkway",41775,Ozamis,Philippines,4.77
2,"PATRICIA JOHNSON","1121 Loja Avenue",17886,"San Bernardino","United States",4.77
532,"NEIL RENNER","1817 Livorno Way",79401,"Cam Ranh",Vietnam,4.77
289,"VIOLET RODRIQUEZ","1912 Allende Manor",58124,"Kowloon and New Kowloon","Hong Kong",4.76
403,"MIKE WAY","990 Etawah Loop",79940,Valparai,India,4.76
309,"CHRISTOPHER GRECO","1224 Huejutla de Reyes Boulevard",70923,Brescia,Italy,4.76
347,"RYAN SALISBURY","1673 Tangail Drive",26857,Daugavpils,Latvia,4.76
247,"STELLA MORENO","1473 Changhwa Parkway",75933,"Coacalco de Berriozábal",Mexico,4.76
41,"STEPHANIE MITCHELL","42 Brindisi Place",16744,Yerevan,Armenia,4.75
531,"JAMIE WAUGH","958 Sagamihara Lane",88408,Kuwana,Japan,4.75
489,"RICARDO MEADOR","591 Sungai Petani Drive",46400,Okayama,Japan,4.75
223,"MELINDA FERNANDEZ","1820 Maring Parkway",88307,"Mandi Bahauddin",Pakistan,4.75
221,"BESSIE MORRISON","1926 Gingoog Street",22824,Syrakusa,Italy,4.74
45,"JANET PHILLIPS","1718 Valencia Street",37359,Antofagasta,Chile,4.73
103,"GLADYS HAMILTON","1177 Jelets Way",3305,Ilorin,Nigeria,4.73
479,"ZACHARY HITE","98 Pyongyang Boulevard",88749,Akron,"United States",4.73
65,"ROSE HOWARD","698 Otsu Street",71110,Cayenne,"French Guiana",4.72
510,"BEN EASTER","886 Tonghae Place",19450,Kamyšin,"Russian Federation",4.72
472,"GREG ROBINS","1786 Salinas Place",66546,"Nam Dinh",Vietnam,4.72
148,"ELEANOR HUNT","1952 Pune Lane",92150,Saint-Denis,Réunion,4.71
536,"FERNANDO CHURCHILL","193 Bhusawal Place",9750,Tonghae,"South Korea",4.71
540,"TYRONE ASHER","191 Jos Azueta Parkway",13629,Ruse,Bulgaria,4.70
17,"DONNA THOMPSON","270 Toulon Boulevard",81766,Elista,"Russian Federation",4.70
176,"JUNE CARROLL","757 Rustenburg Avenue",89668,Skikda,Algeria,4.69
206,"TERRI VASQUEZ","1304 ´s-Hertogenbosch Way",10925,Blumenau,Brazil,4.69
246,"MARIAN MENDOZA","829 Grand Prairie Way",6461,Maringá,Brazil,4.69
249,"DORA MEDINA","1760 Oshawa Manor",38140,Tianjin,China,4.69
426,"BRADLEY MOTLEY","1596 Acua Parkway",70425,"Purnea (Purnia)",India,4.69
448,"MIGUEL BETANCOURT","319 Springs Loop",99552,Erlangen,Germany,4.68
149,"VALERIE BLACK","782 Mosul Street",25545,Brockton,"United States",4.68
372,"STEVE MACKENZIE","154 Oshawa Manor",72771,Probolinggo,Indonesia,4.67
49,"JOYCE EDWARDS","725 Isesaki Place",74428,Jedda,"Saudi Arabia",4.67
144,"CLARA SHAW","1027 Songkhla Manor",30861,Molodetšno,Belarus,4.66
484,"ROBERTO VU","1297 Alvorada Parkway",11839,Yinchuan,China,4.66
404,"STANLEY SCROGGINS","1266 Laredo Parkway",7664,Omiya,Japan,4.66
505,"RAFAEL ABNEY","48 Maracabo Place",1570,Talavera,Philippines,4.66
140,"EVA RAMOS","1666 Beni-Mellal Place",13377,Clarksville,"United States",4.66
495,"CHARLIE BESS","362 Rajkot Lane",98030,Baiyin,China,4.64
423,"ALFRED CASILLAS","1727 Matamoros Place",78813,Sawhaj,Egypt,4.64
225,"ARLENE HARVEY","1014 Loja Manor",66851,Ambattur,India,4.64
379,"CARLOS COUGHLIN","97 Mogiljov Lane",89294,Bhavnagar,India,4.64
341,"PETER MENARD","1217 Konotop Avenue",504,Ede,Netherlands,4.64
345,"CARL ARTIS","1628 Nagareyama Lane",60079,"San Lorenzo",Paraguay,4.64
105,"DAWN SULLIVAN","454 Nakhon Sawan Boulevard",76383,Funafuti,Tuvalu,4.64
589,"TRACY HERRMANN","1074 Sanaa Parkway",22474,Loja,Ecuador,4.63
367,"ADAM GOOCH","230 Urawa Drive",2738,Adoni,India,4.63
554,"DWAYNE OLVERA","1447 Imus Place",12905,Rajkot,India,4.63
390,"SHAWN HEATON","1337 Mit Ghamr Avenue",29810,"Nakhon Sawan",Thailand,4.63
480,"COREY HAUSER","984 Novoterkassk Loop",28165,Gaziantep,Turkey,4.63
497,"GILBERT SLEDGE","1515 Korla Way",57197,York,"United Kingdom",4.63
464,"JEROME KENYON","1872 Toulon Loop",7939,Rancagua,Chile,4.62
375,"AARON SELBY","1519 Santiago de los Caballeros Loop",22025,Mwene-Ditu,"Congo, The Democratic Republic of the",4.62
258,"MYRTLE FLEMING","532 Toulon Street",69517,"Santiago de los Caballeros","Dominican Republic",4.62
491,"RICK MATTOX","775 ostka Drive",22358,"Mit Ghamr",Egypt,4.62
524,"JARED ELY","1003 Qinhuangdao Street",25972,Purwakarta,Indonesia,4.62
373,"LOUIS LEONE","1191 Tandil Drive",6362,Tanauan,Philippines,4.62
265,"JENNIE TERRY","682 Halisahar Place",20536,Olomouc,"Czech Republic",4.61
170,"BEATRICE ARNOLD","1877 Ezhou Lane",63337,Udaipur,India,4.61
179,"DANA HART","1089 Iwatsuki Avenue",35109,Kirovo-Tšepetsk,"Russian Federation",4.61
487,"HECTOR POINDEXTER","185 Mannheim Lane",23661,Pjatigorsk,"Russian Federation",4.61
322,"JASON MORRISSEY","1427 A Corua (La Corua) Place",85799,"Bahía Blanca",Argentina,4.60
454,"ALEX GRESHAM","251 Florencia Drive",16119,Uruapan,Mexico,4.60
7,"MARIA MILLER","900 Santiago de Compostela Parkway",93896,Kragujevac,Yugoslavia,4.60
343,"DOUGLAS GRAF","785 Vaduz Street",36170,Mexicali,Mexico,4.59
80,"MARILYN ROSS","1888 Kabul Drive",20936,Ife,Nigeria,4.59
212,"WILMA RICHARDS","660 Jedda Boulevard",25053,Bellevue,"United States",4.59
316,"STEVEN CURLEY","651 Pathankot Loop",59811,Miraj,India,4.58
55,"DORIS REED","1697 Kowloon and New Kowloon Loop",57807,Balašiha,"Russian Federation",4.58
195,"VANESSA SIMS","1792 Valle de la Pascua Place",15540,Siegen,Germany,4.57
78,"LORI WOOD","936 Salzburg Lane",96709,"Rae Bareli",India,4.57
478,"LEWIS LYMAN","632 Usolje-Sibirskoje Parkway",73085,Ashqelon,Israel,4.57
466,"LEO EBERT","1322 Mosul Parkway",95400,Dongying,China,4.56
409,"RODNEY MOELLER","1936 Lapu-Lapu Parkway",7122,"Deba Habe",Nigeria,4.56
331,"ERIC ROBERT","430 Kumbakonam Drive",28814,"Santa Fé",Argentina,4.55
362,"NICHOLAS BARFIELD","1163 London Parkway",6066,Belém,Brazil,4.55
582,"ANDY VANHORN","966 Asuncin Way",62703,"Huejutla de Reyes",Mexico,4.55
67,"KELLY TORRES","1586 Guaruj Place",5135,Xi´angtan,China,4.54
494,"RAMON CHOATE","1954 Kowloon and New Kowloon Way",63667,Ríobamba,Ecuador,4.54
515,"ANDRE RAPP","568 Dhule (Dhulia) Loop",92568,Coquimbo,Chile,4.53
541,"DARREN WINDHAM","379 Lublin Parkway",74568,Livorno,Italy,4.53
240,"MARLENE WELCH","1148 Saarbrcken Parkway",1921,Iwaki,Japan,4.53
284,"SONIA GREGORY","1279 Udine Parkway",75860,"Benin City",Nigeria,4.53
334,"RAYMOND MCWHORTER","503 Sogamoso Loop",49812,Sumqayit,Azerbaijan,4.52
119,"SHERRY MARSHALL","1987 Coacalco de Berriozbal Loop",96065,"Shubra al-Khayma",Egypt,4.52
56,"GLORIA COOK","1668 Saint Louis Place",39072,Papeete,"French Polynesia",4.52
277,"OLGA JIMENEZ","556 Baybay Manor",55802,Ogbomosho,Nigeria,4.52
48,"ANN EVANS","909 Garland Manor",69367,Niznekamsk,"Russian Federation",4.52
590,"SETH HANNON","1759 Niznekamsk Avenue",39414,al-Manama,Bahrain,4.51
238,"NELLIE GARRETT","1964 Gijn Manor",14408,Shimoga,India,4.51
519,"RON DELUCA","1949 Sanya Street",61244,Isesaki,Japan,4.51
365,"BRUCE SCHWARZ","1565 Tangail Manor",45750,Okinawa,Japan,4.51
86,"JACQUELINE LONG","870 Ashqelon Loop",84931,Songkhla,Thailand,4.51
63,"ASHLEY RICHARDSON","1214 Hanoi Way",67055,Lincoln,"United States",4.51
468,"TIM CARY","1257 Guadalajara Street",33599,Bijapur,India,4.50
368,"HARRY ARCE","1922 Miraj Way",13203,Najafabad,Iran,4.50
273,"PRISCILLA LOWE","144 South Hill Loop",2012,Salamanca,Mexico,4.50
307,"JOSEPH JOY","1354 Siegen Street",80184,"Angra dos Reis",Brazil,4.49
544,"CODY NOLEN","1715 Okayama Street",55676,"São Bernardo do Campo",Brazil,4.49
443,"FRANCISCO SKIDMORE","614 Denizli Parkway",29444,"São Leopoldo",Brazil,4.49
120,"SYLVIA ORTIZ","241 Mosul Lane",76157,"Dos Quebradas",Colombia,4.49
26,"JESSICA HALL","18 Duisburg Boulevard",58327,"Città del Vaticano","Holy See (Vatican City State)",4.49
205,"EILEEN CARR","1679 Antofagasta Street",86599,"Ciudad del Este",Paraguay,4.49
127,"ELAINE STEVENS","801 Hagonoy Drive",8439,Smolensk,"Russian Federation",4.49
70,"CHRISTINA RAMIREZ","1124 Buenaventura Drive",6856,al-Hawiya,"Saudi Arabia",4.49
553,"MAX PITT","1917 Kumbakonam Parkway",11892,"Novi Sad",Yugoslavia,4.49
528,"CLAUDE HERZOG","486 Ondo Parkway",35202,Benguela,Angola,4.47
211,"STACEY MONTGOMERY","1333 Haldia Street",82161,Fuyu,China,4.46
112,"ROSA REYNOLDS","793 Cam Ranh Avenue",87057,Lancaster,"United States",4.46
21,"MICHELLE CLARK","262 A Corua (La Corua) Parkway",34418,Tangail,Bangladesh,4.45
11,"LISA ANDERSON","1542 Tarlac Parkway",1027,Sagamihara,Japan,4.45
304,"DAVID ROYAL","827 Yuncheng Drive",79047,Callao,Peru,4.45
512,"CECIL VINES","548 Uruapan Street",35653,London,"United Kingdom",4.45
400,"BRYAN HARDISON","530 Lausanne Lane",11067,Dallas,"United States",4.45
300,"JOHN FARNSWORTH","41 El Alto Parkway",56883,Parbhani,India,4.44
203,"TARA RYAN","1688 Nador Lane",61613,Gorontalo,Indonesia,4.44
54,"TERESA ROGERS","1964 Allappuzha (Alleppey) Street",48980,Iwakuni,Japan,4.44
469,"WESLEY BULL","1469 Plock Lane",95835,"Ourense (Orense)",Spain,4.44
210,"ELLA OLIVER","751 Lima Loop",99405,Aden,Yemen,4.44
267,"MARGIE WADE","1762 Paarl Parkway",53928,Lengshuijiang,China,4.43
421,"LEE HAWKS","1661 Abha Drive",14400,Pudukkottai,India,4.43
360,"RALPH MADRIGAL","1009 Zanzibar Lane",64875,Arecibo,"Puerto Rico",4.43
417,"TRAVIS ESTEP","289 Santo Andr Manor",72410,al-Qatif,"Saudi Arabia",4.43
560,"JORDAN ARCHULETA","1229 Varanasi (Benares) Manor",40195,Avellaneda,Argentina,4.42
166,"LYNN PAYNE","710 San Felipe del Progreso Avenue",76901,Lilongwe,Malawi,4.42
108,"TRACY COLE","1002 Ahmadnagar Manor",93026,Huixquilucan,Mexico,4.42
319,"RONALD WEINER","1145 Vilnius Manor",73170,"San Felipe del Progreso",Mexico,4.42
301,"ROBERT BAUGHMAN","1883 Maikop Lane",68469,Kaliningrad,"Russian Federation",4.42
174,"YVONNE WATKINS","1848 Salala Boulevard",25220,"Ocumare del Tuy",Venezuela,4.42
410,"CURTIS IRBY","432 Garden Grove Street",65630,"Richmond Hill",Canada,4.41
599,"AUSTIN CINTRON","1325 Fukuyama Street",27107,Tieli,China,4.41
171,"DOLORES WAGNER","316 Uruapan Street",58194,Ipoh,Malaysia,4.41
318,"BRIAN WYMAN","1769 Iwaki Lane",25787,Bydgoszcz,Poland,4.41
44,"MARIE TURNER","1998 Halifax Drive",76022,Lipetsk,"Russian Federation",4.41
172,"BERNICE WILLIS","29 Pyongyang Loop",47753,Batman,Turkey,4.41
242,"GLENDA FRAZIER","1246 Boksburg Parkway",28349,Qinhuangdao,China,4.40
302,"MICHAEL SILVERMAN","1908 Gaziantep Place",58979,Tiefa,China,4.40
32,"AMY LOPEZ","176 Mandaluyong Place",65213,Jhansi,India,4.40
253,"TERRY CARLSON","752 Ondo Loop",32474,Miyakonojo,Japan,4.40
578,"WILLARD LUMPKIN","1819 Alessandria Loop",53829,Carmen,Mexico,4.40
280,"TRACEY BARRETT","1006 Santa Brbara dOeste Manor",36229,Owo,Nigeria,4.40
555,"DWIGHT LOMBARDI","1497 Fengshan Drive",63022,Chatsworth,"South Africa",4.40
292,"MISTY LAMBERT","1192 Tongliao Street",19065,Sharja,"United Arab Emirates",4.40
460,"LEON BOSTIC","734 Tanshui Avenue",70664,Florencia,Colombia,4.39
299,"JAMES GANNON","1635 Kuwana Boulevard",52137,Hiroshima,Japan,4.39
193,"KATIE ELLIOTT","447 Surakarta Loop",10428,Kisumu,Kenya,4.39
562,"WALLACE SLONE","1342 Sharja Way",93655,Sokoto,Nigeria,4.39
155,"GAIL KNIGHT","185 Novi Sad Place",41778,Bern,Switzerland,4.39
305,"RICHARD MCCRARY","913 Coacalco de Berriozbal Loop",42141,Arlington,"United States",4.39
279,"DIANNE SHELTON","600 Bradford Street",96204,Tabriz,Iran,4.38
106,"CONNIE WALLACE","1867 San Juan Bautista Tuxtepec Avenue",78311,Ivanovo,"Russian Federation",4.38
237,"TANYA GILBERT","647 A Corua (La Corua) Street",36971,Naju,"South Korea",4.38
276,"BRANDY GRAVES","1944 Bamenda Way",24645,Warren,"United States",4.38
33,"ANNA HILL","127 Purnea (Purnia) Manor",79388,Alessandria,Italy,4.37
486,"GLEN TALBERT","1789 Saint-Denis Parkway",8268,Acuña,Mexico,4.37
575,"ISAAC OGLESBY","186 Skikda Lane",89422,Cuernavaca,Mexico,4.37
399,"DANNY ISOM","734 Bchar Place",30586,Okara,Pakistan,4.37
565,"JAIME NETTLES","1746 Faaa Way",32515,Huánuco,Peru,4.37
222,"DELORES HANSEN","810 Palghat (Palakkad) Boulevard",73431,Jaroslavl,"Russian Federation",4.37
294,"SHELLY WATTS","32 Pudukkottai Lane",38834,Dayton,"United States",4.37
593,"RENE MCALISTER","1895 Zhezqazghan Drive",36693,"Garden Grove","United States",4.37
154,"MICHELE GRANT","798 Cianjur Avenue",76990,Yuncheng,China,4.36
274,"NAOMI JENNINGS","1884 Shikarpur Avenue",85548,Karnal,India,4.36
506,"LESLIE SEWARD","1152 al-Qatif Lane",44816,Pontianak,Indonesia,4.36
286,"VELMA LUCAS","1155 Liaocheng Place",22650,Effon-Alaiye,Nigeria,4.36
577,"CLIFTON MALCOLM","1489 Kakamigahara Lane",98883,Tanshui,Taiwan,4.36
476,"DERRICK BOURQUE","1153 Allende Way",20336,Gatineau,Canada,4.35
169,"ERICA MATTHEWS","1294 Firozabad Drive",70618,Pingxiang,China,4.35
201,"VICKI FIELDS","68 Molodetno Manor",4662,Witten,Germany,4.35
488,"SHANE MILLARD","184 Mandaluyong Street",94239,"La Paz",Mexico,4.35
572,"SIDNEY BURLESON","1405 Hagonoy Avenue",86587,Czestochowa,Poland,4.35
352,"ALBERT CROUSE","1641 Changhwa Place",37636,Bamenda,Cameroon,4.34
437,"RANDALL NEUMANN","1245 Ibirit Way",40926,"La Romana","Dominican Republic",4.34
192,"LAURIE LAWRENCE","9 San Miguel de Tucumn Manor",90845,Firozabad,India,4.34
547,"KURT EMMONS","1421 Quilmes Lane",19151,Kanazawa,Japan,4.34
327,"LARRY THRASHER","663 Baha Blanca Parkway",33463,Adana,Turkey,4.34
196,"ALMA AUSTIN","1074 Binzhou Manor",36490,Mannheim,Germany,4.33
306,"CHARLES KOWALSKI","715 So Bernardo do Campo Lane",84804,"Sungai Petani",Malaysia,4.33
552,"HUGH WALDROP","904 Clarksville Drive",52234,Haining,China,4.32
584,"SALVADOR TEEL","247 Jining Parkway",53446,Banjul,Gambia,4.32
95,"PAULA BRYANT","1697 Tanauan Lane",22870,Pathankot,India,4.32
296,"RAMONA HALE","951 Stara Zagora Manor",98573,Patiala,India,4.32
71,"KATHY JAMES","492 Cam Ranh Street",50805,Baybay,Philippines,4.32
475,"PEDRO CHESTNUT","421 Yaound Street",11363,Šostka,Ukraine,4.32
269,"CASSANDRA WALTERS","920 Kumbakonam Loop",75090,Salinas,"United States",4.32
68,"NICOLE PETERSON","57 Arlington Manor",48960,Shivapuri,India,4.31
234,"CLAUDIA FULLER","346 Skikda Parkway",90628,"Jalib al-Shuyukh",Kuwait,4.30
518,"GABRIEL HARDER","680 A Corua (La Corua) Manor",49806,Sivas,Turkey,4.30
533,"JESSIE MILAM","1332 Gaziantep Lane",22813,Binzhou,China,4.29
180,"STACY CUNNINGHAM","1410 Benin City Parkway",29747,Pereira,Colombia,4.29
217,"AGNES BISHOP","866 Shivapuri Manor",22474,Sambhal,India,4.29
58,"JEAN BELL","1114 Liepaja Street",69226,Kuching,Malaysia,4.29
84,"SARA PERRY","125 Citt del Vaticano Boulevard",67912,Atlixco,Mexico,4.29
567,"ALFREDO MCADAMS","1407 Surakarta Manor",33224,Serpuhov,"Russian Federation",4.29
131,"MONICA HICKS","1752 So Leopoldo Parkway",14014,Mukatševe,Ukraine,4.29
110,"TIFFANY JORDAN","804 Elista Drive",61069,Enshi,China,4.28
262,"PATSY DAVIDSON","816 Cayenne Parkway",93629,Portoviejo,Ecuador,4.28
371,"BILLY POULIN","1061 Ede Avenue",57810,Cabuyao,Philippines,4.28
501,"RUBEN GEARY","414 Mandaluyong Street",16370,Lublin,Poland,4.28
100,"ROBIN HAYES","1913 Kamakura Place",97287,Jelets,"Russian Federation",4.28
295,"DAISY BATES","661 Chisinau Lane",8856,Kolpino,"Russian Federation",4.28
545,"JULIO NOLAND","182 Nuku´alofa Drive",15414,Konotop,Ukraine,4.28
268,"NINA SOTO","1519 Ilorin Place",49298,"Palghat (Palakkad)",India,4.27
98,"LILLIAN GRIFFIN","669 Firozabad Loop",92265,al-Ayn,"United Arab Emirates",4.27
189,"LORETTA CARPENTER","891 Novi Sad Manor",5379,Oshawa,Canada,4.26
339,"WALTER PERRYMAN","1909 Benguela Lane",19913,Xinxiang,China,4.26
231,"GEORGIA JACOBS","954 Kimchon Place",42420,Uttarpara-Kotrung,India,4.26
81,"ANDREA HENDERSON","320 Baiyin Parkway",37307,Mahajanga,Madagascar,4.26
523,"HARVEY GUAJARDO","600 Purnea (Purnia) Avenue",18043,Vinh,Vietnam,4.26
66,"JANICE WARD","1150 Kimchon Manor",96109,Malmö,Sweden,4.25
220,"CHARLENE ALVAREZ","1842 Luzinia Boulevard",94420,Zanzibar,Tanzania,4.25
266,"NORA HERRERA","1587 Loja Manor",5410,Salzburg,Austria,4.24
332,"STEPHEN QUALLS","1838 Tabriz Lane",1195,Dhaka,Bangladesh,4.24
535,"JAVIER ELROD","195 Ilorin Street",49250,NDjamna,Chad,4.24
125,"ETHEL WEBB","569 Baicheng Lane",60304,Boksburg,"South Africa",4.24
16,"SANDRA MARTIN","360 Toulouse Parkway",54308,Southend-on-Sea,"United Kingdom",4.24
496,"TYLER WREN","1060 Tandil Lane",72349,Rizhao,China,4.23
114,"GRACE ELLIS","442 Rae Bareli Place",24321,Duisburg,Germany,4.23
163,"CATHY SPENCER","1287 Xi´angfan Boulevard",57844,Kakamigahara,Japan,4.23
414,"VINCENT RALSTON","397 Sunnyvale Avenue",55566,Allende,Mexico,4.23
150,"DANIELLE DANIELS","781 Shimonoseki Drive",95444,Hidalgo,Mexico,4.23
263,"HILDA HOPKINS","1831 Nam Dinh Loop",51990,Mandaluyong,Philippines,4.23
517,"BRAD MCCURDY","608 Birgunj Parkway",400,Chungho,Taiwan,4.23
308,"THOMAS GRIGSBY","1191 Sungai Petani Boulevard",9668,"Kansas City","United States",4.23
107,"FLORENCE WOODS","1532 Dzerzinsk Way",9599,Merlo,Argentina,4.22
121,"JOSEPHINE GOMEZ","211 Chiayi Drive",58186,Etawah,India,4.22
204,"ROSEMARY SCHMIDT","1215 Pyongyang Parkway",25238,Usak,Turkey,4.22
89,"JULIA FLORES","1926 El Alto Avenue",75543,"La Plata",Argentina,4.21
569,"DAVE GARDINER","1052 Pathankot Avenue",77397,Leshan,China,4.21
15,"HELEN HARRIS","419 Iligan Lane",72878,Bhopal,India,4.21
439,"ALEXANDER FENNELL","231 Kaliningrad Place",57833,Bergamo,Italy,4.21
139,"AMBER DIXON","1029 Dzerzinsk Manor",57519,Touliu,Taiwan,4.21
520,"MITCHELL WESTMORELAND","617 Klerksdorp Place",94707,"Nha Trang",Vietnam,4.21
126,"ELLEN SIMPSON","1666 Qomsheh Drive",66255,Poá,Brazil,4.20
123,"SHANNON FREEMAN","117 Boa Vista Way",6804,"Varanasi (Benares)",India,4.20
239,"MINNIE ROMERO","47 Syktyvkar Lane",22236,Ciomas,Indonesia,4.20
548,"ALLAN CORNISH","947 Trshavn Place",841,Tarlac,Philippines,4.20
46,"CATHERINE CAMPBELL","46 Pjatigorsk Lane",23616,Moscow,"Russian Federation",4.20
61,"KATHERINE RIVERA","915 Ponce Place",83980,Basel,Switzerland,4.20
14,"BETTY WHITE","770 Bydgoszcz Avenue",16266,"Citrus Heights","United States",4.20
51,"ALICE STEWART","1135 Izumisano Parkway",48150,Fontana,"United States",4.20
136,"ANITA MORALES","788 Atinsk Street",81691,Hubli-Dharwad,India,4.19
270,"LEAH CURTIS","906 Goinia Way",83565,Kalisz,Poland,4.19
587,"SERGIO STANFIELD","1402 Zanzibar Boulevard",71102,Celaya,Mexico,4.18
226,"MAUREEN LITTLE","201 Effon-Alaiye Way",64344,Asunción,Paraguay,4.18
236,"MARCIA DEAN","1479 Rustenburg Boulevard",18727,Tanza,Philippines,4.18
407,"DALE RATCLIFF","1639 Saarbrcken Drive",9827,Rustenburg,"South Africa",4.18
88,"BONNIE HUGHES","1942 Ciparay Parkway",82624,Cheju,"South Korea",4.18
164,"JOANN GARDNER","842 Salzburg Lane",3313,Tarsus,Turkey,4.18
325,"TIMOTHY BUNN","981 Kumbakonam Place",87611,Brasília,Brazil,4.17
102,"CRYSTAL FORD","659 Vaduz Drive",49708,Ashdod,Israel,4.17
18,"CAROL GARCIA","320 Brest Avenue",43331,Kaduna,Nigeria,4.17
566,"CASEY MENA","539 Hami Way",52196,Tokat,Turkey,4.17
431,"JOEL FRANCISCO","287 Cuautla Boulevard",72736,Sucre,Bolivia,4.16
216,"NATALIE MEYER","1201 Qomsheh Manor",21464,"Aparecida de Goiânia",Brazil,4.16
37,"PAMELA BAKER","1440 Fukuyama Loop",47929,Nanyang,China,4.16
511,"CHESTER BENNER","1574 Goinia Boulevard",39529,Suihua,China,4.16
43,"CHRISTINE ROBERTS","1447 Imus Way",48942,Faaa,"French Polynesia",4.16
573,"BYRON BOX","521 San Juan Bautista Tuxtepec Place",95093,Zhezqazghan,Kazakstan,4.16
364,"BENJAMIN VARNEY","817 Laredo Avenue",77449,Guadalajara,Mexico,4.16
388,"CRAIG MORRELL","717 Changzhou Lane",21615,Cavite,Philippines,4.16
291,"TONI HOLT","1936 Cuman Avenue",61195,Roanoke,"United States",4.16
546,"KELLY KNOTT","390 Wroclaw Way",5753,Sanya,China,4.15
324,"GARY COY","867 Benin City Avenue",78543,Yuzhou,China,4.15
245,"COURTNEY DAY","300 Junan Street",81314,Uijongbu,"South Korea",4.15
537,"CLINTON BUFORD","43 Vilnius Manor",79814,Aurora,"United States",4.15
199,"BETH FRANKLIN","1149 A Corua (La Corua) Boulevard",95824,Haiphong,Vietnam,4.15
116,"VICTORIA GIBSON","544 Malm Parkway",63502,Pemalang,Indonesia,4.14
579,"DARYL LARUE","1208 Tama Loop",73605,Mosul,Iraq,4.14
396,"EARL SHANKS","168 Cianjur Manor",73824,Iwatsuki,Japan,4.14
261,"DEANNA BYRD","862 Xintai Lane",30065,Tuguegarao,Philippines,4.14
109,"EDNA WEST","682 Junan Way",30418,Klerksdorp,"South Africa",4.14
173,"AUDREY RAY","1010 Klerksdorp Way",6802,Graz,Austria,4.13
165,"LORRAINE STEPHENS","154 Tallahassee Loop",62250,Hami,China,4.13
500,"REGINALD KINDER","519 Brescia Parkway",69504,Madiun,Indonesia,4.13
366,"BRANDON HUEY","1912 Emeishan Drive",33050,Balikesir,Turkey,4.13
539,"MATHEW BOLIN","163 Augusta-Richmond County Loop",33030,Valencia,Venezuela,4.13
134,"EMMA BOYD","765 Southampton Drive",4285,Qalyub,Egypt,4.12
175,"ANNETTE OLSON","431 Xi´angtan Avenue",4854,"Allappuzha (Alleppey)",India,4.12
492,"LESTER KRAUS","1013 Tabuk Boulevard",96203,Kanchrapara,India,4.12
499,"MARC OUTLAW","1 Valle de Santiago Avenue",86208,Brindisi,Italy,4.12
465,"FLOYD GANDY","1088 Ibirit Place",88502,Zapopan,Mexico,4.11
576,"MORRIS MCCARTER","1568 Celaya Parkway",34750,Fengshan,Taiwan,4.11
317,"EDWARD BAUGH","1359 Zhoushan Parkway",29763,Tórshavn,"Faroe Islands",4.10
57,"EVELYN MORGAN","943 Tokat Street",45428,Vaduz,Liechtenstein,4.10
40,"AMANDA CARTER","671 Graz Street",94399,Nador,Morocco,4.10
257,"MARSHA DOUGLAS","771 Yaound Manor",86768,Beira,Mozambique,4.10
338,"DENNIS GILMAN","1443 Mardan Street",31483,Paarl,"South Africa",4.10
190,"YOLANDA WEAVER","605 Rio Claro Parkway",49348,Tabora,Tanzania,4.10
344,"HENRY BILLINGSLEY","1516 Escobar Drive",46069,Nuku´alofa,Tonga,4.10
124,"SHEILA WELLS","848 Tafuna Manor",45142,Kütahya,Turkey,4.10
457,"BILL GAVIN","1485 Bratislava Place",83183,Rockford,"United States",4.10
529,"ERIK GUILLEN","635 Brest Manor",40899,Bhimavaram,India,4.09
412,"ALLEN BUTTERFIELD","791 Salinas Street",40509,Hoshiarpur,India,4.09
27,"SHIRLEY ALLEN","217 Botshabelo Place",49521,Davao,Philippines,4.09
342,"HAROLD MARTINO","1293 Nam Dinh Way",71583,"Boa Vista",Brazil,4.08
502,"BRETT CORNWELL","1197 Sokoto Boulevard",87687,"Siliguri (Shiliguri)",India,4.08
141,"DEBBIE REYES","928 Jaffna Loop",93762,Fukuyama,Japan,4.08
415,"GLENN PULLEN","992 Klerksdorp Loop",33711,Amersfoort,Netherlands,4.08
143,"LESLIE GORDON","374 Bat Yam Boulevard",97700,Kilis,Turkey,4.08
438,"BARRY LOVELACE","1836 Korla Parkway",55405,Kitwe,Zambia,4.08
359,"WILLIE MARKHAM","1623 Kingstown Drive",91299,"Almirante Brown",Argentina,4.07
156,"BERTHA FERGUSON","1367 Yantai Manor",21294,Ondo,Nigeria,4.07
83,"LOUISE JENKINS","929 Tallahassee Loop",74671,Springs,"South Africa",4.07
73,"BEVERLY BROOKS","1947 Poos de Caldas Boulevard",60951,Chiayi,Taiwan,4.07
348,"ROGER QUINTANILLA","381 Kabul Way",87272,Hsichuh,Taiwan,4.07
333,"ANDREW PURDY","431 Szkesfehrvr Avenue",57828,Baku,Azerbaijan,4.06
538,"TED BREAUX","183 Haiphong Street",69953,Baicheng,China,4.06
356,"GERALD FULTZ","45 Aparecida de Goinia Place",7431,Satna,India,4.06
471,"DEAN SAUER","270 Tambaram Parkway",9668,Johannesburg,"South Africa",4.06
386,"TODD TAN","1793 Meixian Place",33535,Kamjanets-Podilskyi,Ukraine,4.06
35,"VIRGINIA GREEN","391 Callao Drive",34021,Toulouse,France,4.05
207,"GERTRUDE CASTILLO","850 Salala Loop",10800,Nuuk,Greenland,4.05
353,"JONATHAN SCARBOROUGH","1698 Southport Loop",49009,"Pachuca de Soto",Mexico,4.05
244,"VIOLA HANSON","582 Papeete Loop",27722,Lapu-Lapu,Philippines,4.05
440,"BERNARD COLBY","495 Bhimavaram Lane",3,"Dhule (Dhulia)",India,4.04
441,"MARIO CHEATHAM","1924 Shimonoseki Drive",52625,Batna,Algeria,4.03
31,"BRENDA WRIGHT","33 Gorontalo Way",30348,Kamarhati,India,4.03
425,"FRANCIS SIKES","355 Vitria de Santo Anto Way",81758,"San Juan Bautista Tuxtepec",Mexico,4.03
101,"PEGGY MYERS","733 Mandaluyong Place",77459,Abha,"Saudi Arabia",4.03
312,"MARK RINEHART","780 Kimberley Way",17032,Tabuk,"Saudi Arabia",4.03
456,"RONNIE RICKETTS","1889 Valparai Way",75559,Ziguinchor,Senegal,4.03
329,"FRANK WAGGONER","1816 Bydgoszcz Loop",64308,Jamalpur,Bangladesh,3.99
314,"GEORGE LINTON","1957 Yantai Lane",59255,Sorocaba,Brazil,3.99
168,"REGINA BERRY","475 Atinsk Way",59571,Jinchang,China,3.99
485,"CLYDE TOBIAS","1909 Dayton Avenue",88513,Shaoguan,China,3.99
588,"MARION OCAMPO","1464 Kursk Parkway",17381,Weifang,China,3.99
93,"PHYLLIS FOSTER","832 Nakhon Sawan Manor",49021,Zalantun,China,3.99
392,"SEAN DOUGLASS","614 Pak Kret Street",27796,"Addis Abeba",Ethiopia,3.99
402,"LUIS YANEZ","1346 Mysore Drive",61507,Brest,France,3.99
202,"CARLA GUTIERREZ","642 Nador Drive",3924,Bhusawal,India,3.99
152,"ALICIA MILLS","1963 Moscow Place",64863,Nagaon,India,3.99
336,"JOSHUA MARK","1920 Weifang Avenue",15643,Rampur,India,3.99
287,"BECKY MILES","1993 Tabuk Lane",64221,Tambaram,India,3.99
10,"DOROTHY TAYLOR","1531 Sal Drive",53628,Esfahan,Iran,3.99
23,"SARAH LEWIS","1780 Hino Boulevard",7716,Liepaja,Latvia,3.99
581,"VIRGIL WOFFORD","760 Miyakonojo Drive",64682,"José Azueta",Mexico,3.99
25,"DEBORAH WALKER","934 San Felipe de Puerto Plata Street",99780,Shikarpur,Pakistan,3.99
597,"FREDDIE DUGGAN","1103 Quilmes Boulevard",52137,Sullana,Peru,3.99
128,"MARJORIE TUCKER","1050 Garden Grove Avenue",4999,Jastrzebie-Zdrój,Poland,3.99
481,"HERMAN DEVORE","64 Korla Street",25145,Mwanza,Tanzania,3.99
556,"ARMANDO GRUBER","869 Shikarpur Way",57380,Southport,"United Kingdom",3.99
213,"GINA WILLIAMSON","1001 Miyakonojo Lane",67924,Taizz,Yemen,3.99
260,"CHRISTY VARGAS","1158 Mandi Bahauddin Parkway",98484,Datong,China,3.96
473,"JORGE OLIVARES","1078 Stara Zagora Drive",69221,Lhokseumawe,Indonesia,3.96
122,"THELMA MURRAY","1175 Tanauan Way",64615,Lima,Peru,3.96
158,"VERONICA STONE","369 Papeete Way",66639,Greensboro,"United States",3.96
445,"MICHEAL FORMAN","203 Tambaram Street",73942,Escobar,Argentina,3.95
90,"RUBY WASHINGTON","1952 Chatsworth Drive",25958,Meixian,China,3.95
559,"EVERETT BANDA","1741 Hoshiarpur Boulevard",22372,Bilbays,Egypt,3.95
60,"MILDRED BAILEY","81 Hodeida Way",55561,Jaipur,India,3.95
328,"JEFFREY SPEAR","1860 Taguig Loop",59550,Ciparay,Indonesia,3.95
153,"SUZANNE NICHOLS","456 Escobar Way",36061,Jakarta,Indonesia,3.95
264,"GWENDOLYN MAY","446 Kirovo-Tepetsk Lane",19428,Higashiosaka,Japan,3.95
184,"VIVIAN RUIZ","741 Ambattur Manor",43310,´s-Hertogenbosch,Netherlands,3.95
376,"RANDY GAITHER","1618 Olomouc Manor",26385,Kurgan,"Russian Federation",3.95
160,"ERIN DUNN","1623 Baha Blanca Manor",81511,Ljubertsy,"Russian Federation",3.95
525,"ADRIAN CLARY","1986 Sivas Place",95775,Udine,Italy,3.94
428,"HERBERT KRUGER","1823 Hoshiarpur Lane",33191,Syktyvkar,"Russian Federation",3.94
118,"KIM CRUZ","333 Goinia Way",78625,"Grand Prairie","United States",3.94
416,"JEFFERY PINSON","966 Arecibo Loop",94018,Dadu,Pakistan,3.93
255,"IRMA PEARSON","127 Iwakuni Boulevard",20777,Hagonoy,Philippines,3.93
393,"PHILIP CAUSEY","954 Lapu-Lapu Way",8816,Korolev,"Russian Federation",3.93
595,"TERRENCE GUNDERSON","844 Bucuresti Place",36603,Jinzhou,China,3.92
574,"JULIAN VEST","923 Tangail Boulevard",33384,Akishima,Japan,3.92
447,"CLIFFORD BOWENS","207 Cuernavaca Loop",52671,"Nabereznyje Tšelny","Russian Federation",3.92
42,"CAROLYN PEREZ","1632 Bislig Avenue",61117,"Pak Kret",Thailand,3.92
96,"DIANA ALEXANDER","1308 Arecibo Way",30695,"Augusta-Richmond County","United States",3.92
113,"CINDY FISHER","1079 Tel Aviv-Jaffa Boulevard",10885,Cumaná,Venezuela,3.92
290,"KRISTINA CHAMBERS","544 Tarsus Boulevard",53145,"Valle de la Pascua",Venezuela,3.92
219,"WILLIE HOWELL","1244 Allappuzha (Alleppey) Place",20657,"Vicente López",Argentina,3.91
130,"CHARLOTTE HUNTER","758 Junan Lane",82639,"Águas Lindas de Goiás",Brazil,3.91
387,"JESSE SCHILLING","514 Ife Way",69973,Lubumbashi,"Congo, The Democratic Republic of the",3.91
298,"ERIKA PENA","898 Jining Lane",40070,Oulu,Finland,3.91
29,"ANGELA HERNANDEZ","786 Aurora Avenue",65750,Shimonoseki,Japan,3.91
385,"PHILLIP HOLM","102 Chapra Drive",14073,Tama,Japan,3.91
313,"DONALD MAHON","1774 Yaound Place",91400,Ezhou,China,3.90
233,"LILLIE KIM","1736 Cavite Place",98775,Idfu,Egypt,3.90
297,"SHERRI RHODES","922 Vila Velha Loop",4085,Ahmadnagar,India,3.90
451,"JIM REA","814 Simferopol Loop",48745,"El Fuerte",Mexico,3.90
9,"MARGARET MOORE","613 Korolev Drive",45844,Masqat,Oman,3.90
251,"VICKIE BREWER","1966 Tonghae Street",36481,Halle/Saale,Germany,3.89
549,"NELSON CHRISTENSON","1764 Jalib al-Shuyukh Parkway",77642,"Santiago de Compostela",Spain,3.89
408,"MANUEL MURRELL","692 Amroha Drive",35575,Jaffna,"Sri Lanka",3.89
145,"LUCILLE HOLMES","999 Sanaa Loop",3439,Soshanguve,"South Africa",3.88
69,"JUDY GRAY","1031 Daugavpils Parkway",59025,Béchar,Algeria,3.87
197,"SUE PETERS","817 Bradford Loop",89459,Changzhou,China,3.87
104,"RITA GRAHAM","1386 Yangor Avenue",80720,Toulon,France,3.87
474,"DUSTIN GILLETTE","1854 Okara Boulevard",42123,Emmen,Netherlands,3.87
8,"SUSAN WILSON","478 Joliet Way",77948,Hamilton,"New Zealand",3.87
326,"JOSE ANDREW","1016 Iwakuni Street",49833,Kingstown,"Saint Vincent and the Grenadines",3.87
303,"WILLIAM SATTERFIELD","687 Alessandria Parkway",57587,Sanaa,Yemen,3.87
444,"MARCUS HIDALGO","1289 Belm Boulevard",88306,Tartu,Estonia,3.86
53,"HEATHER MORRIS","17 Kabul Boulevard",38594,Nagareyama,Japan,3.86
20,"SHARON ROBINSON","1688 Okara Way",21954,Mardan,Pakistan,3.86
340,"PATRICK NEWSOM","68 Ponce Parkway",85926,Hanoi,Vietnam,3.86
592,"TERRANCE ROUSH","42 Fontana Avenue",14684,Székesfehérvár,Hungary,3.85
358,"SAMUEL MARLOW","604 Bern Place",5373,Ranchi,India,3.85
79,"RACHEL BARNES","586 Tete Way",1079,Kamakura,Japan,3.85
394,"CHRIS BROTHERS","331 Bydgoszcz Parkway",966,Gijón,Spain,3.85
383,"MARTIN BALES","368 Hunuco Boulevard",17165,Namibe,Angola,3.84
74,"DENISE KELLY","1206 Dos Quebradas Place",20207,"Rio Claro",Brazil,3.84
570,"IVAN CROMWELL","1351 Sousse Lane",37815,Monclova,Mexico,3.84
282,"JENNY CASTRO","1405 Chisinau Place",8160,Ponce,"Puerto Rico",3.84
24,"KIMBERLY LEE","96 Tafuna Way",99865,Córdoba,Argentina,3.83
198,"ELSIE KELLEY","955 Bamenda Way",1545,Ikerre,Nigeria,3.83
232,"CONSTANCE REID","885 Yingkou Manor",31390,Zaria,Nigeria,3.83
507,"EDGAR RHOADS","1269 Ipoh Avenue",54674,Eskisehir,Turkey,3.83
406,"NATHAN RUNYON","264 Bhimavaram Manor",54749,"Charlotte Amalie","Virgin Islands, U.S.",3.83
564,"BOB PFEIFFER","415 Pune Avenue",44274,Xintai,China,3.82
271,"PENNY NEAL","1675 Xi´angfan Manor",11763,Kumbakonam,India,3.82
563,"KEN PREWITT","1342 Abha Boulevard",10714,Bucuresti,Romania,3.82
99,"EMILY DIAZ","588 Vila Velha Manor",51540,Kimchon,"South Korea",3.82
85,"ANNE POWELL","1557 Ktahya Boulevard",88002,Bradford,"United Kingdom",3.82
382,"VICTOR BARKLEY","401 Sucre Boulevard",25007,Manchester,"United States",3.82
598,"WADE DELVALLE","1331 Usak Boulevard",61960,Lausanne,Switzerland,3.81
5,"ELIZABETH BROWN","53 Idfu Parkway",42399,Nantou,Taiwan,3.81
516,"ELMER NOE","1768 Udine Loop",32347,Battambang,Cambodia,3.80
94,"NORMA GONZALES","152 Kitwe Parkway",53182,Bislig,Philippines,3.80
380,"RUSSELL BRINSON","1642 Charlotte Amalie Drive",75442,Tychy,Poland,3.80
420,"JACOB LANCE","1866 al-Qatif Avenue",89420,"El Monte","United States",3.80
75,"TAMMY SANDERS","1551 Rampur Lane",72394,Changhwa,Taiwan,3.79
330,"SCOTT SHELLEY","587 Benguela Manor",91590,Aurora,"United States",3.79
378,"EUGENE CULPEPPER","686 Donostia-San Sebastin Lane",97390,Shenzhen,China,3.78
117,"EDITH MCDONALD","1967 Sincelejo Place",73644,Gandhinagar,India,3.78
230,"JOY GEORGE","1256 Bislig Boulevard",50598,Botosani,Romania,3.78
218,"VERA MCCOY","1168 Najafabad Parkway",40301,Kabul,Afghanistan,3.77
422,"MELVIN ELLINGTON","1557 Cape Coral Parkway",46875,Laohekou,China,3.76
446,"THEODORE CULP","1704 Tambaram Manor",2834,Uluberia,India,3.76
161,"GERALDINE PERKINS","97 Shimoga Avenue",44660,"Tel Aviv-Jaffa",Israel,3.76
543,"LANCE PEMBERTON","454 Qinhuangdao Drive",25866,Beni-Mellal,Morocco,3.76
256,"MABEL HOLLAND","51 Laredo Avenue",68146,Monywa,Myanmar,3.76
182,"RENEE LANE","533 al-Ayn Boulevard",8862,Compton,"United States",3.76
214,"KRISTIN JOHNSTON","226 Brest Manor",2299,Sunnyvale,"United States",3.76
111,"CARMEN OWENS","1378 Alvorada Avenue",75834,Caracas,Venezuela,3.76
229,"TAMARA NGUYEN","356 Olomouc Manor",93323,Anápolis,Brazil,3.75
235,"JACKIE LYNCH","98 Stara Zagora Boulevard",76448,Buenaventura,Colombia,3.75
147,"JOANNE ROBERTSON","1337 Lincoln Parkway",99457,Urawa,Japan,3.75
38,"MARTHA GONZALEZ","269 Cam Ranh Parkway",34689,Chisinau,Moldova,3.75
167,"SALLY PIERCE","1540 Wroclaw Drive",62686,Chandrapur,India,3.74
34,"REBECCA SCOTT","61 Tama Street",94065,Kurashiki,Japan,3.74
191,"JEANETTE GREENE","1077 San Felipe de Puerto Plata Place",65387,Novotšerkassk,"Russian Federation",3.74
351,"JACK FOUST","1378 Beira Loop",40792,Zeleznogorsk,"Russian Federation",3.74
370,"WAYNE TRUONG","1049 Matamoros Parkway",69640,Gulbarga,India,3.73
551,"CLAYTON BARBEE","1407 Pachuca de Soto Place",26284,Alvorada,Brazil,3.72
4,"BARBARA JONES","1566 Inegl Manor",53561,Myingyan,Myanmar,3.72
442,"LEROY BUSTAMANTE","105 Dzerzinsk Manor",48570,Tongliao,China,3.71
1,"MARY SMITH","1913 Hanoi Way",35200,Sasebo,Japan,3.71
188,"MELANIE ARMSTRONG","1166 Changhwa Street",58852,Bayugan,Philippines,3.71
52,"JULIE SANCHEZ","939 Probolinggo Loop",4166,"A Coruña (La Coruña)",Spain,3.71
374,"JEREMY HURTADO","1133 Rizhao Avenue",2800,"Vitória de Santo Antão",Brazil,3.70
534,"CHRISTIAN JUNG","949 Allende Lane",67521,Amroha,India,3.70
186,"HOLLY FOX","435 0 Way",74750,Haldia,India,3.70
12,"NANCY THOMAS","808 Bhopal Manor",10672,"Yamuna Nagar",India,3.70
323,"MATTHEW MAHAN","479 San Felipe del Progreso Avenue",54949,Cuautla,Mexico,3.70
424,"KYLE SPURLOCK","1269 Botosani Manor",47394,Shanwei,China,3.69
135,"JUANITA MASON","943 Johannesburg Avenue",5892,Pune,India,3.69
185,"ROBERTA HARPER","927 Barcelona Street",65121,"Shahr-e Kord",Iran,3.69
250,"JO FOWLER","786 Stara Zagora Way",98332,Oyo,Nigeria,3.69
580,"ROSS GREY","951 Springs Lane",96115,Iligan,Philippines,3.69
62,"JOAN COOPER","1717 Guadalajara Lane",85505,"Saint Louis","United States",3.69
463,"DARRELL POWER","1844 Usak Avenue",84461,Halifax,Canada,3.67
435,"RICKY SHELBY","722 Bradford Lane",90920,Junan,China,3.67
129,"CARRIE PORTER","1854 Tieli Street",15819,Liaocheng,China,3.67
157,"DARLENE ROSE","1386 Nakhon Sawan Boulevard",53502,Pyongyang,"North Korea",3.67
455,"JON WILES","659 Gatineau Boulevard",28587,"El Alto",Bolivia,3.66
227,"COLLEEN BURTON","430 Alessandria Loop",47446,Saarbrücken,Germany,3.66
133,"PAULINE HENRY","261 Saint Louis Way",83401,Torreón,Mexico,3.66
254,"MAXINE SILVA","1338 Zalantun Lane",45403,"Poços de Caldas",Brazil,3.65
397,"JIMMY SCHRADER","616 Hagonoy Avenue",46043,Atšinsk,"Russian Federation",3.65
355,"TERRY GRISSOM","619 Hunuco Avenue",81508,Matsue,Japan,3.64
30,"MELISSA KING","1668 Anpolis Street",50199,Lungtan,Taiwan,3.64
142,"APRIL BURNS","483 Ljubertsy Parkway",60562,Dundee,"United Kingdom",3.64
281,"LEONA OBRIEN","1308 Sumy Loop",30657,Fuzhou,China,3.63
430,"RAY HOULE","740 Udaipur Lane",33505,Dzerzinsk,"Russian Federation",3.63
503,"ANGEL BARCLAY","496 Celaya Drive",90797,Ueda,Japan,3.62
498,"GENE SANBORN","1416 San Juan Bautista Tuxtepec Avenue",50592,Salala,Oman,3.62
275,"CAROLE BARNETT","1980 Kamjanets-Podilskyi Street",89502,Peoria,"United States",3.62
241,"HEIDI LARSON","1103 Bilbays Parkway",87660,Xi´angfan,China,3.61
413,"MARVIN YEE","126 Acua Parkway",58888,"Berhampore (Baharampur)",India,3.61
377,"HOWARD FORTNER","220 Hidalgo Drive",45298,Kermanshah,Iran,3.61
77,"JANE BENNETT","1692 Ede Loop",9223,Araçatuba,Brazil,3.60
354,"JUSTIN NGO","519 Nyeri Manor",37650,"Santo André",Brazil,3.60
320,"ANTHONY SCHWAB","1892 Nabereznyje Telny Lane",28396,Tafuna,"American Samoa",3.59
384,"ERNEST STEPP","500 Lincoln Parkway",95509,Huai´an,China,3.59
418,"JEFF EAST","437 Chungho Drive",59489,"San Felipe de Puerto Plata","Dominican Republic",3.59
162,"LAUREN HUDSON","1740 Le Mans Loop",22853,"Le Mans",France,3.59
419,"CHAD CARBONE","1948 Bayugan Parkway",60622,Katihar,India,3.59
561,"IAN STILL","1894 Boa Vista Way",77464,Garland,"United States",3.58
369,"FRED WHEAT","433 Florencia Street",91330,Juárez,Mexico,3.55
215,"JESSIE BANKS","1229 Valencia Parkway",99124,"Stara Zagora",Bulgaria,3.53
208,"LUCY WHEELER","624 Oshawa Boulevard",89959,Balurghat,India,3.53
458,"LLOYD DOWD","935 Aden Boulevard",64709,Tegal,Indonesia,3.52
521,"ROLAND SOUTH","1993 0 Loop",41214,Yingkou,China,3.51
401,"TONY CARRANZA","454 Patiala Lane",13496,Koriyama,Japan,3.51
224,"PEARL GARZA","60 Poos de Caldas Street",82338,Jodhpur,India,3.49
28,"CYNTHIA YOUNG","1425 Shikarpur Manor",65599,"Munger (Monghyr)",India,3.49
391,"CLARENCE GAMEZ","767 Pyongyang Drive",83536,Izumisano,Japan,3.49
461,"DEREK BLAKELY","118 Jaffna Loop",10447,Gingoog,Philippines,3.49
243,"LYDIA BURKE","1483 Pathankot Street",37288,"San Miguel de Tucumán",Argentina,3.45
596,"ENRIQUE FORSYTHE","1101 Bucuresti Boulevard",97661,Patras,Greece,3.45
450,"JAY ROBB","1947 Paarl Way",23636,Surakarta,Indonesia,3.45
357,"KEITH RICO","482 Kowloon and New Kowloon Manor",97056,Bratislava,Slovakia,3.45
405,"LEONARD SCHOFIELD","88 Nagaon Manor",86868,Tandil,Argentina,3.43
228,"ALLISON STANLEY","754 Valencia Place",87911,"Phnom Penh",Cambodia,3.43
151,"MEGAN PALMER","1560 Jelets Boulevard",77777,Laiwu,China,3.43
36,"KATHLEEN ADAMS","334 Munger (Monghyr) Lane",38145,Arak,Iran,3.43
132,"ESTHER CRAWFORD","898 Belm Manor",49757,Botshabelo,"South Africa",3.42
335,"GREGORY MAULDIN","507 Smolensk Loop",22971,Sousse,Tunisia,3.42
527,"CORY MEEHAN","556 Asuncin Way",35364,Mogiljov,Belarus,3.41
586,"KIRK STCLAIR","1923 Stara Zagora Lane",95179,Tsaotun,Taiwan,3.41
278,"BILLIE HORTON","457 Tongliao Loop",56254,Inegöl,Turkey,3.41
514,"FRANKLIN TROUTMAN","1778 Gijn Manor",35156,Zaoyang,China,3.40
248,"CAROLINE BOWMAN","1309 Weifang Street",57338,Tallahassee,"United States",3.39
76,"IRENE PRICE","602 Paarl Street",98889,Pavlodar,Kazakstan,3.38
288,"BOBBIE CRAIG","86 Higashiosaka Lane",33768,"Valle de Santiago",Mexico,3.37
452,"TOM MILNER","535 Ahmadnagar Manor",41136,"Abu Dhabi","United Arab Emirates",3.37
6,"JENNIFER DAVIS","1795 Santiago de Compostela Way",18743,Laredo,"United States",3.35
530,"DARRYL ASHCRAFT","166 Jinchang Street",86760,Ezeiza,Argentina,3.34
183,"IDA ANDREWS","1839 Szkesfehrvr Parkway",55709,Luziânia,Brazil,3.34
72,"THERESA WATSON","89 Allappuzha (Alleppey) Manor",75444,Taguig,Philippines,3.32
159,"JILL HAWKINS","1440 Compton Place",81037,Linz,Austria,3.28
97,"ANNIE RUSSELL","1599 Plock Drive",71986,Tete,Mozambique,3.27
91,"LOIS BUTLER","1370 Le Mans Avenue",52163,"Bandar Seri Begawan",Brunei,3.25
361,"LAWRENCE LAWTON","114 Jalib al-Shuyukh Manor",60440,Yaoundé,Cameroon,3.25
138,"HAZEL WARREN","1587 Sullana Lane",85769,Hohhot,China,3.25
350,"JUAN FRALEY","469 Nakhon Sawan Street",58866,Tšeboksary,"Russian Federation",3.21
568,"ALBERTO HENNING","502 Mandi Bahauddin Parkway",15992,Barcelona,Venezuela,3.18
177,"SAMANTHA DUNCAN","146 Johannesburg Way",54132,Matamoros,Mexico,3.12
411,"NORMAN CURRIER","1445 Carmen Parkway",70809,Cianjur,Indonesia,3.11
283,"FELICIA SUTTON","226 Halifax Street",58492,Korla,China,3.10
557,"FELIX GAFFNEY","1059 Yuncheng Avenue",47498,Vilnius,Lithuania,3.07
115,"WENDY HARRISON","1107 Nakhon Sawan Avenue",75149,Nezahualcóyotl,Mexico,3.06
381,"BOBBY BOUDREAU","1368 Maracabo Boulevard",32716,"South Hill",Anguilla,3.05
64,"JUDITH COX","1966 Amroha Avenue",70385,Daxian,China,3.05
395,"JOHNNY TURPIN","1152 Citrus Heights Manor",5239,al-Qadarif,Sudan,3.04
252,"MATTIE HOFFMAN","1497 Yuzhou Drive",3433,London,"United Kingdom",2.94
